电影名称,上映日期, ,评分,电影网址
肖申克的救赎 The Shawshank Redemption,1994-09-10(多伦多电影节),1994-10-14(美国),9.7,https://movie.douban.com/subject/1292052/
霸王别姬,1993-01-01(中国香港),1993-07-26(中国大陆),9.6,https://movie.douban.com/subject/1291546/
阿甘正传 Forrest Gump,1994-06-23(洛杉矶首映),1994-07-06(美国),9.5,https://movie.douban.com/subject/1292720/
这个杀手不太冷 Léon,1994-09-14(法国), ,9.4,https://movie.douban.com/subject/1295644/
泰坦尼克号 Titanic,1998-04-03(中国大陆),"1997-11-01(东京电影节),1997-12-19(美国)",9.4,https://movie.douban.com/subject/1292722/
美丽人生 La vita è bella,2020-01-03(中国大陆),1997-12-20(意大利),9.5,https://movie.douban.com/subject/1292063/
千与千寻 千と千尋の神隠し,2019-06-21(中国大陆),2001-07-20(日本),9.4,https://movie.douban.com/subject/1291561/
辛德勒的名单 Schindler's List,1993-11-30(华盛顿首映),1994-02-04(美国),9.5,https://movie.douban.com/subject/1295124/
盗梦空间 Inception,2010-09-01(中国大陆),"2020-08-28(中国大陆重映),2010-07-16(美国)",9.3,https://movie.douban.com/subject/3541415/
忠犬八公的故事 Hachi: A Dog's Tale,2009-06-13(西雅图电影节),2010-03-12(英国),9.4,https://movie.douban.com/subject/3011091/
海上钢琴师 La leggenda del pianista sull'oceano,2019-11-15(中国大陆),1998-10-28(意大利),9.3,https://movie.douban.com/subject/1292001/
楚门的世界 The Truman Show,1998-06-05(美国), ,9.3,https://movie.douban.com/subject/1292064/
星际穿越 Interstellar,2014-11-12(中国大陆),"2020-08-02(中国大陆重映),2014-11-07(美国)",9.3,https://movie.douban.com/subject/1889243/
三傻大闹宝莱坞 3 Idiots,2011-12-08(中国大陆),2009-12-25(印度),9.2,https://movie.douban.com/subject/3793023/
机器人总动员 WALL·E,2008-06-27(美国), ,9.3,https://movie.douban.com/subject/2131459/
放牛班的春天 Les choristes,2004-10-16(中国大陆),2004-03-17(法国),9.3,https://movie.douban.com/subject/1291549/
大话西游之大圣娶亲 西遊記大結局之仙履奇緣,1995-02-04(中国香港),"2014-10-24(中国大陆),2017-04-13(中国大陆重映)",9.2,https://movie.douban.com/subject/1292213/
熔炉 도가니,2011-09-22(韩国), ,9.3,https://movie.douban.com/subject/5912992/
疯狂动物城 Zootopia,2016-03-04(中国大陆/美国),2020-07-24(中国大陆重映),9.2,https://movie.douban.com/subject/25662329/
无间道 無間道,2002-12-12(中国香港),2003-09-05(中国大陆),9.2,https://movie.douban.com/subject/1307914/
龙猫 となりのトトロ,2018-12-14(中国大陆),1988-04-16(日本),9.2,https://movie.douban.com/subject/1291560/
教父 The Godfather,1972-03-15(纽约首映),1972-03-24(美国),9.3,https://movie.douban.com/subject/1291841/
当幸福来敲门 The Pursuit of Happyness,2008-01-17(中国大陆),"2020-07-20(中国大陆重映),2006-12-15(美国)",9.1,https://movie.douban.com/subject/1849031/
怦然心动 Flipped,2010-07-26(好莱坞首映),2010-09-10(美国),9.1,https://movie.douban.com/subject/3319755/
触不可及 Intouchables,2011-11-02(法国), ,9.2,https://movie.douban.com/subject/6786002/
控方证人 Witness for the Prosecution,1957-12-17(美国), ,9.6,https://movie.douban.com/subject/1296141/
蝙蝠侠：黑暗骑士 The Dark Knight,2008-07-14(纽约首映),2008-07-18(美国),9.2,https://movie.douban.com/subject/1851857/
活着,1994-06-30(中国香港),1994-05-17(戛纳电影节),9.2,https://movie.douban.com/subject/1292365/
寻梦环游记 Coco,2017-11-24(中国大陆),"2020-07-20(中国大陆重映),2017-11-22(美国)",9.1,https://movie.douban.com/subject/20495023/
末代皇帝 The Last Emperor,1987-10-04(东京国际电影节),1987-10-23(意大利),9.3,https://movie.douban.com/subject/1293172/
乱世佳人 Gone with the Wind,1939-12-15(亚特兰大首映),1940-01-17(美国),9.3,https://movie.douban.com/subject/1300267/
何以为家 كفرناحوم,2019-04-29(中国大陆),"2018-05-17(戛纳电影节),2018-09-20(黎巴嫩)",9.1,https://movie.douban.com/subject/30170448/
摔跤吧！爸爸 Dangal,2017-05-05(中国大陆),2016-12-23(印度),9.0,https://movie.douban.com/subject/26387939/
指环王3：王者无敌 The Lord of the Rings: The Return of the King,2004-03-12(中国大陆),2003-12-17(美国),9.2,https://movie.douban.com/subject/1291552/
飞屋环游记 Up,2009-08-04(中国大陆),"2009-05-13(戛纳电影节),2009-05-29(美国)",9.0,https://movie.douban.com/subject/2129039/
少年派的奇幻漂流 Life of Pi,2012-11-22(中国大陆),"2012-09-28(纽约电影节),2012-11-21(美国)",9.1,https://movie.douban.com/subject/1929463/
十二怒汉 12 Angry Men,1957-04-13(美国), ,9.4,https://movie.douban.com/subject/1293182/
素媛 소원,2013-10-02(韩国), ,9.3,https://movie.douban.com/subject/21937452/
鬼子来了,2000-05-12(戛纳电影节),2002-04-27(日本),9.3,https://movie.douban.com/subject/1291858/
哈尔的移动城堡 ハウルの動く城,2004-09-05(威尼斯电影节),2004-11-20(日本),9.1,https://movie.douban.com/subject/1308807/
天空之城 天空の城ラピュタ,1992-05-01(中国大陆),1986-08-02(日本),9.1,https://movie.douban.com/subject/1291583/
大话西游之月光宝盒 西遊記第壹佰零壹回之月光寶盒,1995-01-21(中国香港),2014-10-24(中国大陆),9.0,https://movie.douban.com/subject/1299398/
哈利·波特与魔法石 Harry Potter and the Sorcerer's Stone,2002-01-26(中国大陆),"2020-08-14(中国大陆重映),2001-11-04(英国首映),2001-11-16(美国)",9.1,https://movie.douban.com/subject/1295038/
天堂电影院 Nuovo Cinema Paradiso,1988-11-17(意大利), ,9.2,https://movie.douban.com/subject/1291828/
罗马假日 Roman Holiday,1953-08-20(威尼斯电影节),1953-09-02(美国),9.0,https://movie.douban.com/subject/1293839/
闻香识女人 Scent of a Woman,1992-12-23(美国), ,9.1,https://movie.douban.com/subject/1298624/
我不是药神,2018-07-05(中国大陆),2018-06-30(大规模点映),9.0,https://movie.douban.com/subject/26752088/
辩护人 변호인,2013-12-18(韩国), ,9.2,https://movie.douban.com/subject/21937445/
搏击俱乐部 Fight Club,1999-09-10(威尼斯电影节),1999-10-15(美国),9.0,https://movie.douban.com/subject/1292000/
教父2 The Godfather: Part Ⅱ,1974-12-12(纽约首映),1974-12-20(美国),9.2,https://movie.douban.com/subject/1299131/
死亡诗社 Dead Poets Society,1989-06-02(多伦多首映),1989-06-09(美国),9.1,https://movie.douban.com/subject/1291548/
狮子王 The Lion King,1995-07-15(中国大陆),"1994-06-15(美国),2011-09-16(美国)",9.0,https://movie.douban.com/subject/1301753/
大闹天宫,1961(中国大陆),"1964(中国大陆),1978(中国大陆),2004(中国大陆)",9.3,https://movie.douban.com/subject/1418019/
指环王2：双塔奇兵 The Lord of the Rings: The Two Towers,2003-04-25(中国大陆),"2002-12-05(纽约首映),2002-12-18(美国)",9.1,https://movie.douban.com/subject/1291572/
猫鼠游戏 Catch Me If You Can,2003-04-11(中国大陆),"2002-12-16(洛杉矶首映),2002-12-25(美国)",9.0,https://movie.douban.com/subject/1305487/
窃听风暴 Das Leben der Anderen,2006-03-23(德国), ,9.1,https://movie.douban.com/subject/1900841/
指环王1：魔戒再现 The Lord of the Rings: The Fellowship of the Ring,2002-04-04(中国大陆),2001-12-19(美国),9.0,https://movie.douban.com/subject/1291571/
钢琴家 The Pianist,2002-05-24(戛纳电影节),2002-09-25(法国),9.2,https://movie.douban.com/subject/1296736/
黑客帝国 The Matrix,1999-03-31(美国), ,9.0,https://movie.douban.com/subject/1291843/
美丽心灵 A Beautiful Mind,2001-12-13(加州首映),2002-01-04(美国),9.0,https://movie.douban.com/subject/1306029/
饮食男女 飲食男女,1994-08-03(美国), ,9.1,https://movie.douban.com/subject/1291818/
"两杆大烟枪 Lock, Stock and Two Smoking Barrels",1998-08-28(英国), ,9.1,https://movie.douban.com/subject/1293350/
飞越疯人院 One Flew Over the Cuckoo's Nest,1975-11-19(美国), ,9.1,https://movie.douban.com/subject/1292224/
让子弹飞,2010-12-16(中国大陆), ,8.8,https://movie.douban.com/subject/3742360/
本杰明·巴顿奇事 The Curious Case of Benjamin Button,2008-12-25(美国), ,8.9,https://movie.douban.com/subject/1485260/
看不见的客人 Contratiempo,2017-09-15(中国大陆),"2016-09-23(奇幻电影节),2017-01-06(西班牙)",8.8,https://movie.douban.com/subject/26580232/
绿皮书 Green Book,2019-03-01(中国大陆),"2018-09-11(多伦多电影节),2018-11-16(美国)",8.9,https://movie.douban.com/subject/27060077/
西西里的美丽传说 Malèna,2000-10-27(意大利), ,8.9,https://movie.douban.com/subject/1292402/
拯救大兵瑞恩 Saving Private Ryan,1998-11-13(中国大陆),1998-07-24(美国),9.0,https://movie.douban.com/subject/1292849/
小鞋子 بچههای آسمان,1997-02(伊朗),1999-01-22(美国),9.2,https://movie.douban.com/subject/1303021/
海蒂和爷爷 Heidi,2019-05-16(中国大陆),2015-12-10(德国),9.2,https://movie.douban.com/subject/25958717/
穿条纹睡衣的男孩 The Boy in the Striped Pajamas,2008-09-12(英国),2008-11-07(美国),9.1,https://movie.douban.com/subject/3008247/
情书 Love Letter,1999-03(中国大陆),1995-03-25(日本),8.9,https://movie.douban.com/subject/1292220/
海豚湾 The Cove,2009-07-31(美国), ,9.3,https://movie.douban.com/subject/3442220/
音乐之声 The Sound of Music,1965-03-02(美国), ,9.0,https://movie.douban.com/subject/1294408/
美国往事 Once Upon a Time in America,1984-02-17(波士顿首映),1984-09-28(意大利),9.2,https://movie.douban.com/subject/1292262/
致命魔术 The Prestige,2006-10-17(罗马电影节),2006-10-20(美国),8.9,https://movie.douban.com/subject/1780330/
低俗小说 Pulp Fiction,1994-05-12(戛纳电影节),1994-10-14(美国),8.9,https://movie.douban.com/subject/1291832/
七宗罪 Se7en,1995-09-22(美国), ,8.8,https://movie.douban.com/subject/1292223/
沉默的羔羊 The Silence of the Lambs,1991-02-14(美国), ,8.8,https://movie.douban.com/subject/1293544/
蝴蝶效应 The Butterfly Effect,2004-01-23(美国), ,8.8,https://movie.douban.com/subject/1292343/
禁闭岛 Shutter Island,2010-02-13(柏林电影节),2010-02-19(美国),8.8,https://movie.douban.com/subject/2334904/
心灵捕手 Good Will Hunting,1997-12-05(美国), ,8.9,https://movie.douban.com/subject/1292656/
春光乍泄 春光乍洩,1997-05-30(中国香港),1997-05-17(戛纳电影节),8.9,https://movie.douban.com/subject/1292679/
布达佩斯大饭店 The Grand Budapest Hotel,2014-02-06(柏林电影节),2014-03-28(美国),8.8,https://movie.douban.com/subject/11525673/
被嫌弃的松子的一生 嫌われ松子の一生,2006-05-27(日本), ,8.9,https://movie.douban.com/subject/1787291/
摩登时代 Modern Times,1936-02-25(美国), ,9.3,https://movie.douban.com/subject/1294371/
阿凡达 Avatar,2010-01-04(中国大陆),2009-12-18(美国),8.7,https://movie.douban.com/subject/1652587/
剪刀手爱德华 Edward Scissorhands,1990-12-06(美国), ,8.7,https://movie.douban.com/subject/1292370/
勇敢的心 Braveheart,1995-05-18(西雅图电影节),1995-05-24(美国),8.9,https://movie.douban.com/subject/1294639/
喜剧之王 喜劇之王,1999-02-13(中国香港), ,8.7,https://movie.douban.com/subject/1302425/
致命ID Identity,2003-04-25(美国), ,8.8,https://movie.douban.com/subject/1297192/
加勒比海盗 Pirates of the Caribbean: The Curse of the Black Pearl,2003-11-21(中国大陆),2003-07-09(美国),8.8,https://movie.douban.com/subject/1298070/
哈利·波特与死亡圣器(下) Harry Potter and the Deathly Hallows: Part 2,2011-08-04(中国大陆),2011-07-15(美国),8.9,https://movie.douban.com/subject/3011235/
天使爱美丽 Le fabuleux destin d'Amélie Poulain,2001-04-25(法国),2001-08-16(德国),8.7,https://movie.douban.com/subject/1292215/
杀人回忆 살인의 추억,2003-05-02(韩国), ,8.8,https://movie.douban.com/subject/1300299/
断背山 Brokeback Mountain,2005-09-02(威尼斯电影节),"2006-01-06(加拿大),2006-01-13(美国)",8.8,https://movie.douban.com/subject/1418834/
狩猎 Jagten,2012-05-20(戛纳电影节),2013-01-10(丹麦),9.1,https://movie.douban.com/subject/6985810/
请以你的名字呼唤我 Call Me by Your Name,2017-01-22(圣丹斯电影节),2017-11-24(美国),8.9,https://movie.douban.com/subject/26799731/
幽灵公主 もののけ姫,1997-07-12(日本), ,8.9,https://movie.douban.com/subject/1297359/
7号房的礼物 7번방의 선물,2013-01-23(韩国), ,8.9,https://movie.douban.com/subject/10777687/
阳光灿烂的日子,1995-06-28(中国香港),"1995-08-21(中国大陆),1994-09-09(威尼斯电影节)",8.8,https://movie.douban.com/subject/1291875/
小森林 夏秋篇 リトル・フォレスト 夏・秋,2014-08-30(日本), ,9.0,https://movie.douban.com/subject/25814705/
重庆森林 重慶森林,1994-07-14(中国香港), ,8.7,https://movie.douban.com/subject/1291999/
第六感 The Sixth Sense,1999-08-06(美国), ,8.9,https://movie.douban.com/subject/1297630/
入殓师 おくりびと,2008-09-13(日本), ,8.8,https://movie.douban.com/subject/2149806/
红辣椒 パプリカ,2006-09-02(威尼斯电影节),2006-11-25(日本),9.0,https://movie.douban.com/subject/1865703/
小森林 冬春篇 リトル・フォレスト 冬・春,2015-02-14(日本), ,9.0,https://movie.douban.com/subject/25814707/
消失的爱人 Gone Girl,2014-09-26(纽约电影节),2014-10-03(美国),8.7,https://movie.douban.com/subject/21318488/
爱在黎明破晓前 Before Sunrise,1995-01-27(美国), ,8.8,https://movie.douban.com/subject/1296339/
一一,2017-07-28(中国台湾),"2000-05-14(戛纳电影节),2000-12-16(日本)",9.0,https://movie.douban.com/subject/1292434/
唐伯虎点秋香 唐伯虎點秋香,1993-07-01(中国香港), ,8.6,https://movie.douban.com/subject/1306249/
侧耳倾听 耳をすませば,1995-07-15(日本), ,8.9,https://movie.douban.com/subject/1297052/
超脱 Detachment,2011-04-25(翠贝卡电影节), ,8.9,https://movie.douban.com/subject/5322596/
蝙蝠侠：黑暗骑士崛起 The Dark Knight Rises,2012-08-27(中国大陆),2012-07-20(美国),8.8,https://movie.douban.com/subject/3395373/
倩女幽魂,1987-07-18(中国香港),2011-04-30(中国大陆),8.7,https://movie.douban.com/subject/1297447/
玛丽和马克思 Mary and Max,2009-01-15(圣丹斯电影节),2009-04-09(澳大利亚),8.9,https://movie.douban.com/subject/3072124/
无人知晓 誰も知らない,2004-05-13(戛纳电影节),2004-08-07(日本),9.1,https://movie.douban.com/subject/1292337/
甜蜜蜜,1996-11-02(中国香港),2015-02-13(中国大陆),8.8,https://movie.douban.com/subject/1305164/
告白,2010-06-05(日本), ,8.7,https://movie.douban.com/subject/4268598/
萤火之森 蛍火の杜へ,2011-09-17(日本), ,8.9,https://movie.douban.com/subject/5989818/
超能陆战队 Big Hero 6,2015-02-28(中国大陆),"2020-07-31(中国大陆重映),2014-10-23(东京电影节),2014-11-07(美国)",8.7,https://movie.douban.com/subject/11026735/
大鱼 Big Fish,2003-12-04(纽约首映),2004-01-09(美国),8.8,https://movie.douban.com/subject/1291545/
阳光姐妹淘 써니,2011-05-04(韩国), ,8.8,https://movie.douban.com/subject/4917726/
驯龙高手 How to Train Your Dragon,2010-05-14(中国大陆),"2010-03-18(俄罗斯),2010-03-26(美国)",8.7,https://movie.douban.com/subject/2353023/
借东西的小人阿莉埃蒂 借りぐらしのアリエッティ,2010-07-17(日本), ,8.8,https://movie.douban.com/subject/4202302/
射雕英雄传之东成西就 射鵰英雄傳之東成西就,1993-02-05(中国香港), ,8.7,https://movie.douban.com/subject/1316510/
菊次郎的夏天 菊次郎の夏,2020-09-10(中国大陆),"1999-05-20(戛纳电影节),1999-06-05(日本)",8.8,https://movie.douban.com/subject/1293359/
幸福终点站 The Terminal,2005-01-14(中国大陆),2004-06-18(美国),8.8,https://movie.douban.com/subject/1292274/
爱在日落黄昏时 Before Sunset,2004-02-10(柏林电影节),2004-07-30(美国),8.8,https://movie.douban.com/subject/1291990/
恐怖直播 더 테러 라이브,2013-07-31(韩国), ,8.8,https://movie.douban.com/subject/21360417/
完美的世界 A Perfect World,1993-11-24(美国), ,9.1,https://movie.douban.com/subject/1300992/
功夫,2004-12-23(中国大陆/中国香港),"2015-01-15(中国大陆3D),2004-09-14(多伦多电影节)",8.6,https://movie.douban.com/subject/1291543/
人生果实 人生フルーツ,2017-01-02(日本), ,9.5,https://movie.douban.com/subject/26874505/
神偷奶爸 Despicable Me,2010-06-20(莫斯科电影节),2010-07-09(美国),8.6,https://movie.douban.com/subject/3287562/
"怪兽电力公司 Monsters, Inc.",2001-11-02(美国),2012-12-19(美国),8.7,https://movie.douban.com/subject/1291579/
玩具总动员3 Toy Story 3,2010-06-16(中国大陆),2010-06-18(美国),8.8,https://movie.douban.com/subject/1858711/
天书奇谭,1983(中国大陆), ,9.2,https://movie.douban.com/subject/1428581/
傲慢与偏见 Pride & Prejudice,2005-09-16(英国), ,8.6,https://movie.douban.com/subject/1418200/
血战钢锯岭 Hacksaw Ridge,2016-12-08(中国大陆),"2016-09-04(威尼斯电影节),2016-11-04(美国)",8.7,https://movie.douban.com/subject/26325320/
教父3 The Godfather: Part III,1990-12-25(美国), ,8.9,https://movie.douban.com/subject/1294240/
时空恋旅人 About Time,2013-09-04(英国), ,8.7,https://movie.douban.com/subject/10577869/
风之谷 風の谷のナウシカ,1992-05(中国大陆),1984-03-11(日本),8.9,https://movie.douban.com/subject/1291585/
哈利·波特与阿兹卡班的囚徒 Harry Potter and the Prisoner of Azkaban,2004-09-10(中国大陆),2004-05-31(英国),8.7,https://movie.douban.com/subject/1291544/
釜山行 부산행,2016-05-13(戛纳电影节),2016-07-20(韩国),8.5,https://movie.douban.com/subject/25986180/
电锯惊魂 Saw,2004-01-19(圣丹斯电影节),2004-10-29(美国),8.7,https://movie.douban.com/subject/1417598/
上帝之城 Cidade de Deus,2002-05-18(戛纳电影节),2002-08-30(巴西),8.9,https://movie.douban.com/subject/1292208/
被解救的姜戈 Django Unchained,2013-05-12(中国大陆),2012-12-25(美国),8.7,https://movie.douban.com/subject/6307447/
哪吒闹海,1979-05-19(中国大陆), ,9.1,https://movie.douban.com/subject/1307315/
喜宴 囍宴,1993-02(柏林电影节),1993-08-04(美国),8.9,https://movie.douban.com/subject/1303037/
七武士 七人の侍,1954-04-26(日本), ,9.2,https://movie.douban.com/subject/1295399/
英雄本色,1986-08-02(中国香港),2017-11-17(中国大陆),8.7,https://movie.douban.com/subject/1297574/
我是山姆 I Am Sam,2001-12-03(美国), ,8.9,https://movie.douban.com/subject/1306861/
谍影重重3 The Bourne Ultimatum,2007-11-15(中国大陆),2007-08-03(美国),8.8,https://movie.douban.com/subject/1578507/
岁月神偷 歲月神偷,2010-03-11(中国香港),"2010-04-16(中国大陆),2010-02-14(柏林电影节)",8.7,https://movie.douban.com/subject/3792799/
头号玩家 Ready Player One,2018-03-30(中国大陆),"2018-03-11(西南偏南电影节),2018-03-29(美国)",8.7,https://movie.douban.com/subject/4920389/
纵横四海 緃横四海,1991-02-02(中国香港), ,8.8,https://movie.douban.com/subject/1295409/
疯狂原始人 The Croods,2013-04-20(中国大陆),"2013-02-15(柏林电影节),2013-03-22(美国)",8.7,https://movie.douban.com/subject/1907966/
一个叫欧维的男人决定去死 En man som heter Ove,2015-12-25(瑞典), ,8.8,https://movie.douban.com/subject/26628357/
"三块广告牌 Three Billboards Outside Ebbing, Missouri",2018-03-02(中国大陆),"2017-09-04(威尼斯电影节),2017-12-01(美国)",8.7,https://movie.douban.com/subject/26611804/
心迷宫,2015-10-16(中国大陆),"2014-07-21(FIRST青年影展),2014-08-28(威尼斯电影节)",8.7,https://movie.douban.com/subject/25917973/
哈利·波特与密室 Harry Potter and the Chamber of Secrets,2003-01-24(中国大陆),2002-11-15(英国/美国),8.7,https://movie.douban.com/subject/1296996/
达拉斯买家俱乐部 Dallas Buyers Club,2013-09-07(多伦多电影节),2013-11-22(美国),8.8,https://movie.douban.com/subject/1793929/
卢旺达饭店 Hotel Rwanda,2004-09-11(多伦多电影节),2005-03-04(英国),8.9,https://movie.douban.com/subject/1291822/
你的名字。 君の名は。,2016-12-02(中国大陆),2016-08-26(日本),8.4,https://movie.douban.com/subject/26683290/
花样年华 花樣年華,2000-09-29(中国香港),2000-05-20(戛纳电影节),8.7,https://movie.douban.com/subject/1291557/
萤火虫之墓 火垂るの墓,1988-04-16(日本), ,8.7,https://movie.douban.com/subject/1293318/
记忆碎片 Memento,2000-09-05(威尼斯电影节),"2000-10-20(英国),2001-05-25(美国)",8.6,https://movie.douban.com/subject/1304447/
荒蛮故事 Relatos salvajes,2014-05-17(戛纳电影节),2014-08-21(阿根廷),8.8,https://movie.douban.com/subject/24750126/
贫民窟的百万富翁 Slumdog Millionaire,2009-03-26(中国大陆),"2008-08-30(特柳赖德电影节),2009-01-09(英国)",8.6,https://movie.douban.com/subject/2209573/
东邪西毒 東邪西毒,1994-09-17(中国大陆),1994-09-12(威尼斯电影节),8.6,https://movie.douban.com/subject/1292328/
真爱至上 Love Actually,2003-09-07(多伦多电影节),"2003-11-06(美国),2003-11-21(英国)",8.6,https://movie.douban.com/subject/1292401/
爆裂鼓手 Whiplash,2014-01-16(圣丹斯电影节),2014-10-10(美国),8.7,https://movie.douban.com/subject/25773932/
黑客帝国3：矩阵革命 The Matrix Revolutions,2003-11-05(美国/中国大陆), ,8.8,https://movie.douban.com/subject/1302467/
模仿游戏 The Imitation Game,2015-07-21(中国大陆),"2014-11-14(英国),2014-12-25(美国)",8.7,https://movie.douban.com/subject/10463953/
忠犬八公物语 ハチ公物語,1987-08-01(日本), ,9.2,https://movie.douban.com/subject/1959195/
黑天鹅 Black Swan,2010-09-01(威尼斯电影节),2010-12-17(美国),8.6,https://movie.douban.com/subject/1978709/
头脑特工队 Inside Out,2015-10-06(中国大陆),2015-06-19(美国),8.7,https://movie.douban.com/subject/10533913/
新世界 신세계,2013-02-21(韩国), ,8.8,https://movie.douban.com/subject/10437779/
未麻的部屋 Perfect Blue,1997-07(加拿大奇幻电影节),1998-02-28(日本),9.0,https://movie.douban.com/subject/1395091/
你看起来好像很好吃 おまえうまそうだな,2010-10-16(日本), ,8.9,https://movie.douban.com/subject/4848115/
海街日记 海街diary,2015-05-14(戛纳电影节),2015-06-13(日本),8.8,https://movie.douban.com/subject/25895901/
无敌破坏王 Wreck-It Ralph,2012-11-06(中国大陆),2012-11-02(美国),8.7,https://movie.douban.com/subject/6534248/
雨人 Rain Man,1988-12-16(美国), ,8.7,https://movie.douban.com/subject/1291870/
冰川时代 Ice Age,2002-03-15(美国), ,8.6,https://movie.douban.com/subject/1291578/
恋恋笔记本 The Notebook,2004-06-25(美国), ,8.5,https://movie.douban.com/subject/1309163/
惊魂记 Psycho,1960-06-16(纽约首映),1960-09-08(美国),9.0,https://movie.douban.com/subject/1293181/
二十二,2017-08-14(中国大陆),"2015-10-05(釜山电影节),2016-06-25(莫斯科电影节)",8.7,https://movie.douban.com/subject/26430107/
恐怖游轮 Triangle,2009-10-16(英国), ,8.5,https://movie.douban.com/subject/3011051/
海边的曼彻斯特 Manchester by the Sea,2017-08-25(中国大陆),"2016-01-23(圣丹斯电影节),2016-11-18(美国)",8.6,https://movie.douban.com/subject/25980443/
奇迹男孩 Wonder,2018-01-19(中国大陆),2017-11-17(美国),8.6,https://movie.douban.com/subject/26787574/
小偷家族 万引き家族,2018-08-03(中国大陆),"2018-05-13(戛纳电影节),2018-06-08(日本)",8.7,https://movie.douban.com/subject/27622447/
房间 Room,2015-09-04(特柳赖德电影节),"2015-10-23(多伦多),2016-01-15(爱尔兰/英国),2016-01-22(美国)",8.8,https://movie.douban.com/subject/25724855/
绿里奇迹 The Green Mile,1999-12-10(美国), ,8.8,https://movie.douban.com/subject/1300374/
魔女宅急便 魔女の宅急便,1989-07-29(日本), ,8.6,https://movie.douban.com/subject/1307811/
虎口脱险 La grande vadrouille,1966-12-08(法国), ,8.9,https://movie.douban.com/subject/1296909/
雨中曲 Singin' in the Rain,1952-04-11(美国), ,9.0,https://movie.douban.com/subject/1293460/
疯狂的石头,2006-06-30(中国大陆),2006-08-10(中国香港),8.5,https://movie.douban.com/subject/1862151/
爱在午夜降临前 Before Midnight,2013-06-14(美国), ,8.8,https://movie.douban.com/subject/10808442/
人工智能 Artificial Intelligence: AI,2001-06-29(美国), ,8.6,https://movie.douban.com/subject/1302827/
罗生门 羅生門,1950-08-26(日本), ,8.8,https://movie.douban.com/subject/1291879/
终结者2：审判日 Terminator 2: Judgment Day,1991-07-03(美国),2017-02-17(柏林电影节 3D),8.7,https://movie.douban.com/subject/1291844/
初恋这件小事 สิ่งเล็กเล็กที่เรียกว่า...รัก,2012-06-05(中国大陆),2010-08-12(泰国),8.4,https://movie.douban.com/subject/4739952/
2001太空漫游 2001: A Space Odyssey,1968-04-02(华盛顿首映),1968-05-12(英国),8.8,https://movie.douban.com/subject/1292226/
可可西里,2004-10-01(中国大陆),2005-04-21(中国香港),8.8,https://movie.douban.com/subject/1308857/
魂断蓝桥 Waterloo Bridge,1940-05-17(美国), ,8.8,https://movie.douban.com/subject/1293964/
海洋 Océans,2011-08-12(中国大陆),"2009-10-17(东京电影节),2010-01-27(法国)",9.1,https://movie.douban.com/subject/3443389/
城市之光 City Lights,1931-01-30(洛杉矶首映),1931-03-07(美国),9.3,https://movie.douban.com/subject/1293908/
燃情岁月 Legends of the Fall,1994-12-16(美国), ,8.8,https://movie.douban.com/subject/1295865/
牯岭街少年杀人事件 牯嶺街少年殺人事件,1991-07-27(中国台湾), ,8.8,https://movie.douban.com/subject/1292329/
色，戒,2007-09-24(中国台湾),"2007-09-26(中国香港),2007-11-01(中国大陆),2007-08-30(威尼斯电影节),2007-10-26(美国)",8.5,https://movie.douban.com/subject/1828115/
穿越时空的少女 時をかける少女,2006-07-15(日本), ,8.6,https://movie.douban.com/subject/1937946/
新龙门客栈 新龍門客棧,1992-08-27(中国香港),2012-02-24(中国大陆),8.6,https://movie.douban.com/subject/1292287/
青蛇,1993-11-04(中国香港), ,8.5,https://movie.douban.com/subject/1303394/
无耻混蛋 Inglourious Basterds,2009-05-20(戛纳电影节),2009-08-20(德国),8.6,https://movie.douban.com/subject/1438652/
源代码 Source Code,2011-08-30(中国大陆),"2011-03-11(西南偏南电影节),2011-04-01(美国)",8.5,https://movie.douban.com/subject/3075287/
完美陌生人 Perfetti sconosciuti,2018-05-25(中国大陆),2016-02-11(意大利),8.5,https://movie.douban.com/subject/26614893/
遗愿清单 The Bucket List,2007-12-25(多伦多电影节),2008-01-11(美国),8.6,https://movie.douban.com/subject/1867345/
阿飞正传 阿飛正傳,1990-12-15(中国香港),2018-06-25(中国大陆),8.5,https://movie.douban.com/subject/1305690/
哈利·波特与火焰杯 Harry Potter and the Goblet of Fire,2005-11-18(中国大陆),2005-11-06(英国),8.5,https://movie.douban.com/subject/1309055/
九品芝麻官,1994-03-31(中国香港), ,8.5,https://movie.douban.com/subject/1297518/
大佛普拉斯,2017-10-13(中国台湾),2017-06-29(台北电影节),8.7,https://movie.douban.com/subject/27059130/
血钻 Blood Diamond,2006-12-08(美国), ,8.7,https://movie.douban.com/subject/1428175/
谍影重重2 The Bourne Supremacy,2004-11-14(中国大陆),"2004-07-15(洛杉矶首映),2004-07-23(美国)",8.7,https://movie.douban.com/subject/1308767/
香水 Perfume: The Story of a Murderer,2006-09-07(德国),"2006-09-14(法国),2006-11-24(西班牙),2007-01-05(美国)",8.5,https://movie.douban.com/subject/1760622/
地球上的星星 Taare Zameen Par,2007-12-21(印度), ,8.9,https://movie.douban.com/subject/2363506/
疯狂的麦克斯4：狂暴之路 Mad Max: Fury Road,2015-05-14(澳大利亚),2015-05-15(美国),8.6,https://movie.douban.com/subject/3592854/
战争之王 Lord of War,2005-09-16(美国), ,8.6,https://movie.douban.com/subject/1419936/
步履不停 歩いても 歩いても,2008-06-28(日本), ,8.8,https://movie.douban.com/subject/2222996/
谍影重重 The Bourne Identity,2002-11-21(中国大陆),2002-06-14(美国),8.6,https://movie.douban.com/subject/1304102/
彗星来的那一夜 Coherence,2013-09-19(奇幻电影节),2014-08-06(美国),8.5,https://movie.douban.com/subject/25807345/
猜火车 Trainspotting,1996-02-23(英国), ,8.5,https://movie.douban.com/subject/1292528/
朗读者 The Reader,2008-12-10(纽约首映),"2009-01-30(美国),2009-02-26(德国)",8.6,https://movie.douban.com/subject/2213597/
波西米亚狂想曲 Bohemian Rhapsody,2019-03-22(中国大陆),2018-11-02(美国),8.7,https://movie.douban.com/subject/5300054/
浪潮 Die Welle,2008-03-13(德国), ,8.7,https://movie.douban.com/subject/2297265/
小萝莉的猴神大叔 Bajrangi Bhaijaan,2018-03-02(中国大陆),2015-07-17(印度),8.4,https://movie.douban.com/subject/26393561/
再次出发之纽约遇见你 Begin Again,2015-06-26(中国大陆),"2013-09-07(多伦多电影节),2014-07-11(美国)",8.6,https://movie.douban.com/subject/6874403/
东京物语 東京物語,1953-11-03(日本), ,9.2,https://movie.douban.com/subject/1291568/
驴得水,2016-10-28(中国大陆), ,8.3,https://movie.douban.com/subject/25921812/
聚焦 Spotlight,2015-09-03(威尼斯电影节),2015-11-25(美国),8.8,https://movie.douban.com/subject/25954475/
追随 Following,1998-09-12(多伦多电影节),1999-11-05(英国),8.9,https://movie.douban.com/subject/1397546/
千钧一发 Gattaca,1997-10-24(美国), ,8.8,https://movie.douban.com/subject/1300117/
我爱你 그대를 사랑합니다,2011-02-17(韩国), ,9.0,https://movie.douban.com/subject/5908478/
一次别离 جدایی نادر از سیمین,2012-11-13(中国大陆),"2011-02-15(柏林电影节),2011-03-16(伊朗)",8.7,https://movie.douban.com/subject/5964718/
黑鹰坠落 Black Hawk Down,2001-12-18(美国), ,8.7,https://movie.douban.com/subject/1291824/
黑客帝国2：重装上阵 The Matrix Reloaded,2003-07-18(中国大陆),"2003-05-07(韦斯特伍德首映),2003-05-15(美国)",8.6,https://movie.douban.com/subject/1304141/
网络谜踪 Searching,2018-12-14(中国大陆),"2018-01-20(圣丹斯电影节),2018-08-24(美国)",8.6,https://movie.douban.com/subject/27615441/
四个春天,2019-01-04(中国大陆),"2017-12-30(UCCA艺术放映),2018-07-23(FIRST青年影展)",8.9,https://movie.douban.com/subject/27191492/
发条橙 A Clockwork Orange,1971-12-19(纽约首映),1972-01-13(英国),8.6,https://movie.douban.com/subject/1292233/
E.T. 外星人 E.T.: The Extra-Terrestrial,1982-05-26(戛纳电影节),1982-06-11(美国),8.6,https://movie.douban.com/subject/1294638/
